{
    "portfolio": [
        {
            "cover": "/portfolio/1/one.png",
            "title": "GGWP",
            "description": "React, JSX, Tailwind, Jest",
            "url": "http://google.com"
        },
        {
            "cover": "/portfolio/1/one.png",
            "title": "GGWP",
            "description": "React, JSX, Tailwind, Jest",
            "url": "http://google.com"
        },
        {
            "cover": "/portfolio/1/one.png",
            "title": "GGWP",
            "description": "React, JSX, Tailwind, Jest",
            "url": "http://google.com"
        },
        {
            "cover": "/portfolio/1/one.png",
            "title": "GGWP",
            "description": "React, JSX, Tailwind, Jest",
            "url": "http://google.com"
        },
        {
            "cover": "/portfolio/1/one.png",
            "title": "GGWP",
            "description": "React, JSX, Tailwind, Jest",
            "url": "http://google.com"
        }
    ]
}